{
  "HTTP Request-2" : {
    "transaction" : "HTTP Request-2",
    "sampleCount" : 10,
    "errorCount" : 0,
    "errorPct" : 0.0,
    "meanResTime" : 1352.8000000000002,
    "medianResTime" : 1306.5,
    "minResTime" : 1103.0,
    "maxResTime" : 1616.0,
    "pct1ResTime" : 1615.2,
    "pct2ResTime" : 1616.0,
    "pct3ResTime" : 1616.0,
    "throughput" : 6.013229104028864,
    "receivedKBytesPerSec" : 768.7050182276007,
    "sentKBytesPerSec" : 0.6870584034876729
  },
  "HTTP Request-1" : {
    "transaction" : "HTTP Request-1",
    "sampleCount" : 10,
    "errorCount" : 0,
    "errorPct" : 0.0,
    "meanResTime" : 869.3,
    "medianResTime" : 877.5,
    "minResTime" : 418.0,
    "maxResTime" : 1192.0,
    "pct1ResTime" : 1188.6,
    "pct2ResTime" : 1192.0,
    "pct3ResTime" : 1192.0,
    "throughput" : 8.389261744966444,
    "receivedKBytesPerSec" : 3.4409081375838926,
    "sentKBytesPerSec" : 0.9257681417785235
  },
  "Total" : {
    "transaction" : "Total",
    "sampleCount" : 40,
    "errorCount" : 10,
    "errorPct" : 25.0,
    "meanResTime" : 1153.7999999999997,
    "medianResTime" : 1152.0,
    "minResTime" : 56.0,
    "maxResTime" : 2754.0,
    "pct1ResTime" : 2370.6,
    "pct2ResTime" : 2624.249999999999,
    "pct3ResTime" : 2754.0,
    "throughput" : 13.454423141607803,
    "receivedKBytesPerSec" : 863.9060134964683,
    "sentKBytesPerSec" : 2.2533530945173226
  },
  "HTTP Request-0" : {
    "transaction" : "HTTP Request-0",
    "sampleCount" : 10,
    "errorCount" : 0,
    "errorPct" : 0.0,
    "meanResTime" : 84.60000000000001,
    "medianResTime" : 66.0,
    "minResTime" : 56.0,
    "maxResTime" : 161.0,
    "pct1ResTime" : 159.0,
    "pct2ResTime" : 161.0,
    "pct3ResTime" : 161.0,
    "throughput" : 10.893246187363834,
    "receivedKBytesPerSec" : 1.893552559912854,
    "sentKBytesPerSec" : 1.2020867374727668
  },
  "HTTP Request" : {
    "transaction" : "HTTP Request",
    "sampleCount" : 10,
    "errorCount" : 10,
    "errorPct" : 100.0,
    "meanResTime" : 2308.5,
    "medianResTime" : 2323.5,
    "minResTime" : 1823.0,
    "maxResTime" : 2754.0,
    "pct1ResTime" : 2742.0,
    "pct2ResTime" : 2754.0,
    "pct3ResTime" : 2754.0,
    "throughput" : 3.3636057854019508,
    "receivedKBytesPerSec" : 431.95300674823415,
    "sentKBytesPerSec" : 1.1266765472586613
  }
}