{
  "HTTP Request-2" : {
    "transaction" : "HTTP Request-2",
    "sampleCount" : 178,
    "errorCount" : 171,
    "errorPct" : 96.06741,
    "meanResTime" : 20241.17415730336,
    "medianResTime" : 21002.0,
    "minResTime" : 584.0,
    "maxResTime" : 21031.0,
    "pct1ResTime" : 21004.1,
    "pct2ResTime" : 21012.05,
    "pct3ResTime" : 21023.1,
    "throughput" : 8.330213403219767,
    "receivedKBytesPerSec" : 68.13543470376264,
    "sentKBytesPerSec" : 0.03743002094253089
  },
  "HTTP Request-1" : {
    "transaction" : "HTTP Request-1",
    "sampleCount" : 753,
    "errorCount" : 575,
    "errorPct" : 76.36122,
    "meanResTime" : 16881.135458167326,
    "medianResTime" : 21001.0,
    "minResTime" : 2932.0,
    "maxResTime" : 21043.0,
    "pct1ResTime" : 21004.0,
    "pct2ResTime" : 21011.0,
    "pct3ResTime" : 21027.0,
    "throughput" : 33.36730624363008,
    "receivedKBytesPerSec" : 86.64130699694243,
    "sentKBytesPerSec" : 0.8704115799618912
  },
  "Total" : {
    "transaction" : "Total",
    "sampleCount" : 2684,
    "errorCount" : 1746,
    "errorPct" : 65.05216,
    "meanResTime" : 14533.726527570794,
    "medianResTime" : 21001.0,
    "minResTime" : 141.0,
    "maxResTime" : 24989.0,
    "pct1ResTime" : 21819.5,
    "pct2ResTime" : 24683.5,
    "pct3ResTime" : 24907.15,
    "throughput" : 107.31278237575468,
    "receivedKBytesPerSec" : 309.47117643236976,
    "sentKBytesPerSec" : 8.279325846627485
  },
  "HTTP Request-0" : {
    "transaction" : "HTTP Request-0",
    "sampleCount" : 753,
    "errorCount" : 0,
    "errorPct" : 0.0,
    "meanResTime" : 789.4103585657373,
    "medianResTime" : 750.0,
    "minResTime" : 141.0,
    "maxResTime" : 15069.0,
    "pct1ResTime" : 824.0,
    "pct2ResTime" : 849.3,
    "pct3ResTime" : 1064.92,
    "throughput" : 48.081220867122155,
    "receivedKBytesPerSec" : 8.357868471042718,
    "sentKBytesPerSec" : 5.305837849594535
  },
  "HTTP Request" : {
    "transaction" : "HTTP Request",
    "sampleCount" : 1000,
    "errorCount" : 1000,
    "errorPct" : 100.0,
    "meanResTime" : 22099.67200000001,
    "medianResTime" : 21766.5,
    "minResTime" : 20999.0,
    "maxResTime" : 24989.0,
    "pct1ResTime" : 24719.7,
    "pct2ResTime" : 24775.75,
    "pct3ResTime" : 24957.98,
    "throughput" : 39.98240774059414,
    "receivedKBytesPerSec" : 167.8516921304626,
    "sentKBytesPerSec" : 4.139662923313742
  }
}