{
  "HTTP Request-2" : {
    "transaction" : "HTTP Request-2",
    "sampleCount" : 100,
    "errorCount" : 0,
    "errorPct" : 0.0,
    "meanResTime" : 5360.89,
    "medianResTime" : 5524.0,
    "minResTime" : 471.0,
    "maxResTime" : 8062.0,
    "pct1ResTime" : 7925.2,
    "pct2ResTime" : 7976.95,
    "pct3ResTime" : 8061.62,
    "throughput" : 12.0875135984528,
    "receivedKBytesPerSec" : 1545.1790887903421,
    "sentKBytesPerSec" : 1.3810928623232201
  },
  "HTTP Request-1" : {
    "transaction" : "HTTP Request-1",
    "sampleCount" : 100,
    "errorCount" : 0,
    "errorPct" : 0.0,
    "meanResTime" : 3086.4,
    "medianResTime" : 3116.5,
    "minResTime" : 2623.0,
    "maxResTime" : 4421.0,
    "pct1ResTime" : 3302.0,
    "pct2ResTime" : 3390.4499999999994,
    "pct3ResTime" : 4411.049999999995,
    "throughput" : 22.609088853719197,
    "receivedKBytesPerSec" : 9.273259100158263,
    "sentKBytesPerSec" : 2.494948281709247
  },
  "Total" : {
    "transaction" : "Total",
    "sampleCount" : 400,
    "errorCount" : 100,
    "errorPct" : 25.0,
    "meanResTime" : 4280.635000000002,
    "medianResTime" : 3294.5,
    "minResTime" : 59.0,
    "maxResTime" : 11511.0,
    "pct1ResTime" : 9494.9,
    "pct2ResTime" : 10728.05,
    "pct3ResTime" : 11494.970000000001,
    "throughput" : 34.51251078515962,
    "receivedKBytesPerSec" : 2215.990515800259,
    "sentKBytesPerSec" : 5.780171484037964
  },
  "HTTP Request-0" : {
    "transaction" : "HTTP Request-0",
    "sampleCount" : 100,
    "errorCount" : 0,
    "errorPct" : 0.0,
    "meanResTime" : 111.83999999999997,
    "medianResTime" : 78.0,
    "minResTime" : 59.0,
    "maxResTime" : 235.0,
    "pct1ResTime" : 224.0,
    "pct2ResTime" : 225.0,
    "pct3ResTime" : 234.98,
    "throughput" : 111.1111111111111,
    "receivedKBytesPerSec" : 19.31423611111111,
    "sentKBytesPerSec" : 12.261284722222221
  },
  "HTTP Request" : {
    "transaction" : "HTTP Request",
    "sampleCount" : 100,
    "errorCount" : 100,
    "errorPct" : 100.0,
    "meanResTime" : 8563.409999999996,
    "medianResTime" : 8680.0,
    "minResTime" : 3239.0,
    "maxResTime" : 11511.0,
    "pct1ResTime" : 11034.1,
    "pct2ResTime" : 11386.849999999999,
    "pct3ResTime" : 11510.91,
    "throughput" : 8.628127696289905,
    "receivedKBytesPerSec" : 1107.9952579001294,
    "sentKBytesPerSec" : 2.890085742018982
  }
}